0,-3.25
1,-3.24
2,-3.22
3,-3.13
4,-3.17
5,-3.29
6,-3.21
7,-3.19
8,-3.19
9,-3.18
10,-3.24
11,-3.19
12,-3.15
13,-3.22
14,-3.22
15,-3.26
16,-3.13
17,-3.22
18,-3.06
19,-3.26
20,-3.21
21,-3.2
22,-3.26
23,-3.26
24,-3.17
25,-3.25
26,-3.29
27,-3.21
28,-3.2
29,-3.21
30,-3.18
31,-3.27
32,-3.15
33,-3.23
34,-3.29
35,-3.29
36,-3.15
37,-3.19
38,-3.11
39,-3.13
40,-3.26
41,-3.28
42,-3.2
43,-3.23
44,-3.19
45,-3.12
46,-3.14
47,-3.22
48,-3.21
49,-3.25
50,-3.23
51,-3.16
52,-3.25
53,-3.14
54,-3.19
55,-3.13
56,-3.17
57,-3.14
58,-3.12
59,-3.11
60,-3.08
61,-3.16
62,-3.21
63,-3.2
64,-3.21
65,-3.17
66,-3.13
67,-3.11
68,-3.06
69,-3.13
70,-3.2
71,-3.07
72,-3.16
73,-3.18
74,-3.14
75,-3.13
76,-3.15
77,-3.15
78,-3.16
79,-3.22
80,-3.17
81,-3.19
82,-3.16
83,-3.22
84,-3.16
85,-3.18
86,-3.06
87,-3.08
88,-3.1
89,-3.07
90,-3.13
91,-3.12
92,-3.09
93,-3.09
94,-3.17
95,-3.21
96,-3.14
97,-3.24
98,-3.21
99,-3.15
100,-3.07
101,-3.13
102,-3.14
103,-3.14
104,-3.14
105,-3.29
106,-3.24
107,-3.22
108,-3.17
109,-3.13
110,-3.23
111,-3.14
112,-3.15
113,-3.18
114,-3.11
115,-3.18
116,-3.18
117,-3.21
118,-3.16
119,-3.2
120,-3.25
121,-3.25
122,-3.14
123,-3.19
124,-3.03
125,-3.22
126,-3.12
127,-3.12
128,-3.11
129,-3.18
130,-3.19
131,-3.12
132,-3.14
133,-3.18
134,-3.16
135,-3.14
136,-3.05
137,-3.29
138,-3.09
139,-3.18
140,-3.13
141,-3.16
142,-3.26
143,-3.17
144,-3.17
145,-3.18
146,-3.15
147,-3.2
148,-3.18
149,-3.18
150,-3.15
151,-3.16
152,-3.19
153,-3.13
154,-3.16
155,-3.2
156,-3.14
157,-3.21
158,-3.16
159,-3.1
160,-3.14
161,-3.18
162,-3.23
163,-3.2
164,-3.08
165,-3.18
166,-3.16
167,-3.12
168,-3.29
169,-3.24
170,-3.24
171,-3.24
172,-3.11
173,-3.23
174,-3.27
175,-3.19
176,-3.23
177,-3.26
178,-3.27
179,-3.29
180,-3.24
181,-3.22
182,-3.2
183,-3.24
184,-3.18
185,-3.24
186,-3.2
187,-3.26
188,-3.22
189,-3.17
190,-3.11
191,-3.09
192,-3.2
193,-3.16
194,-3.13
195,-3.24
196,-3.21
197,-3.27
198,-3.15
199,-3.09
200,-3.15
201,-3.13
202,-3.18
203,-3.24
204,-3.13
205,-3.14
206,-3.21
207,-3.06
208,-3.15
209,-3.14
210,-3.18
211,-3.16
212,-3.12
213,-3.14
214,-3.11
215,-3.06
216,-3.15
217,-3.09
218,-3.12
219,-3.2
220,-3.13
221,-3.14
222,-3.09
223,-3.06
224,-3.15
225,-3.07
226,-3.09
227,-3.1
228,-3.15
229,-3.23
230,-3.15
231,-3.16
232,-3.19
233,-3.2
234,-3.16
235,-3.13
236,-3.16
237,-3.19
238,-3.12
239,-3.16
240,-3.06
241,-3.11
242,-3.19
243,-3.2
244,-3.16
245,-3.15
246,-3.12
247,-3.14
248,-3.19
249,-3.24
250,-3.2
251,-3.11
252,-3.16
253,-3.17
254,-3.14
255,-3.2
256,-3.14
257,-3.19
258,-3.15
259,-3.2
260,-3.18
261,-3.18
262,-3.15
263,-3.14
264,-3.23
265,-3.26
266,-3.22
267,-3.26
268,-3.19
269,-3.22
270,-3.21
271,-3.2
272,-3.22
273,-3.19
274,-3.24
275,-3.23
276,-3.17
277,-3.2
278,-3.21
279,-3.24
280,-3.21
281,-3.22
282,-3.16
283,-3.23
284,-3.14
285,-3.2
286,-3.18
287,-3.2
288,-3.23
289,-3.19
290,-3.22
291,-3.25
292,-3.2
293,-3.19
294,-3.08
295,-3.22
296,-3.26
297,-3.19
298,-3.23
299,-3.19
300,-3.21
301,-3.28
302,-3.21
303,-3.17
304,-3.15
305,-3.23
306,-3.23
307,-3.22
308,-3.27
309,-3.35
310,-3.23
311,-3.25
312,-3.13
313,-3.15
314,-3.31
315,-3.2
316,-3.15
317,-3.21
318,-3.12
319,-3.16
320,-3.26
321,-3.26
322,-3.25
323,-3.25
324,-3.26
325,-3.25
326,-3.19
327,-3.24
328,-3.18
329,-3.26
330,-3.2
331,-3.19
332,-3.18
333,-3.15
334,-3.15
335,-3.21
336,-3.13
337,-3.07
338,-3.17
339,-3.14
340,-3.13
341,-3.17
342,-3.18
343,-3.15
344,-3.17
345,-3.23
346,-3.17
347,-3.2
348,-3.13
349,-3.16
350,-3.25
351,-3.19
352,-3.16
353,-3.18
354,-3.26
355,-3.24
356,-3.21
357,-3.18
358,-3.11
359,-3.15
360,-3.13
361,-3.15
362,-3.15
363,-3.09
364,-3.17
365,-3.21
366,-3.15
367,-3.22
368,-3.2
369,-3.19
370,-3.2
371,-3.14
372,-3.14
373,-3.11
374,-3.13
375,-3.15
376,-3.15
377,-3.13
378,-3.14
379,-3.07
380,-3.2
381,-3.15
382,-3.11
383,-3.13
384,-3.05
385,-3.1
386,-3.12
387,-3.19
388,-3.17
389,-3.17
390,-3.22
391,-3.23
392,-3.17
393,-3.25
394,-3.13
395,-3.22
396,-3.23
397,-3.18
398,-3.13
399,-3.19
400,-3.2
401,-3.25
402,-3.16
403,-3.2
404,-3.2
405,-3.18
406,-3.08
407,-3.15
408,-3.12
409,-3.15
410,-3.13
411,-3.12
412,-3.04
413,-3.11
414,-3.16
415,-3.14
416,-3.17
417,-3.21
418,-3.13
419,-3.19
420,-3.12
421,-3.03
422,-3.21
423,-3.07
424,-3.12
425,-3.18
426,-3.18
427,-3.16
428,-3.16
429,-3.12
430,-3.12
431,-3.18
432,-3.15
433,-3.18
434,-3.14
435,-3.28
436,-3.32
437,-3.23
438,-3.15
439,-3.23
440,-3.26
441,-3.18
442,-3.12
443,-3.23
444,-3.19
445,-3.19
446,-3.19
447,-3.27
448,-3.2
449,-3.22
450,-3.19
451,-3.23
452,-3.16
453,-3.24
454,-3.2
455,-3.27
456,-3.2
457,-3.22
458,-3.18
459,-3.25
460,-3.24
461,-3.21
462,-3.18
463,-3.19
464,-3.14
465,-3.2
466,-3.2
467,-3.13
468,-3.2
469,-3.13
470,-3.19
471,-3.13
472,-3.17
473,-3.18
474,-3.11
475,-3.16
476,-3.18
477,-3.05
478,-3.06
479,-3.16
480,-3.16
481,-3.16
482,-3.11
483,-3.13
484,-3.1
485,-3.18
486,-3.2
487,-3.18
488,-3.26
489,-3.18
490,-3.11
491,-3.14
492,-3.21
493,-3.11
494,-3.16
495,-3.13
496,-3.07
497,-3.1
498,-3.08
499,-3.04
500,-3.09
501,-3.16
502,-3.08
503,-3.04
504,-3.03
505,-3.12
506,-3.21
507,-3.28
508,-3.2
509,-3.24
510,-3.18
511,-3.07
512,-3.23
513,-3.13
514,-3.11
515,-3.14
516,-3.13
517,-3.09
518,-3.18
519,-3.23
520,-3.24
521,-3.14
522,-3.19
523,-3.15
524,-3.24
525,-3.32
526,-3.29
527,-3.28
528,-3.16
529,-3.15
530,-3.19
531,-3.16
532,-3.19
533,-3.16
534,-3.16
535,-3.17
536,-3.18
537,-3.19
538,-3.19
539,-3.22
540,-3.25
541,-3.13
542,-3.15
543,-3.16
544,-3.14
545,-3.16
546,-3.15
547,-3.19
548,-3.16
549,-3.17
550,-3.26
551,-3.21
552,-3.25
553,-3.22
554,-3.16
555,-3.17
556,-3.09
557,-3.21
558,-3.16
559,-3.19
560,-3.18
561,-3.24
562,-3.22
563,-3.17
564,-3.27
565,-3.17
566,-3.21
567,-3.17
568,-3.22
569,-3.26
570,-3.21
571,-3.24
572,-3.17
573,-3.16
574,-3.25
575,-3.22
576,-3.26
577,-3.21
578,-3.21
579,-3.22
580,-3.26
581,-3.25
582,-3.25
583,-3.21
584,-3.2
585,-3.28
586,-3.2
587,-3.2
588,-3.18
589,-3.14
590,-3.1
591,-3.13
592,-3.24
593,-3.25
594,-3.2
595,-3.17
596,-3.14
597,-3.2
598,-3.21
599,-3.2
600,-3.15
601,-3.23
602,-3.2
603,-3.15
604,-3.11
605,-3.12
606,-3.15
607,-3.14
608,-3.1
609,-3.12
610,-3.16
611,-3.2
612,-3.19
613,-3.1
614,-3.21
615,-3.17
616,-3.15
617,-3.16
618,-3.17
619,-3.18
620,-3.2
621,-3.14
622,-3.19
623,-3.15
624,-3.13
625,-3.16
626,-3.15
627,-3.09
628,-3.14
629,-3.09
630,-3.06
631,-3.11
632,-3.15
633,-3.01
634,-3.18
635,-3.3
636,-3.19
637,-3.18
638,-3.15
639,-3.18
640,-3.2
641,-3.16
642,-3.18
643,-3.18
644,-3.13
645,-3.14
646,-3.1
647,-3.14
648,-3.11
649,-3.1
650,-3.21
651,-3.19
652,-3.09
653,-3.15
654,-3.17
655,-3.1
656,-3.14
657,-3.11
658,-3.12
659,-3.16
660,-3.17
661,-3.19
662,-3.06
663,-3.16
664,-3.16
665,-3.12
666,-3.15
667,-3.16
668,-3.18
669,-3.1
670,-3.17
671,-3.2
672,-3.16
673,-3.2
674,-3.18
675,-3.17
676,-3.08
677,-3.06
678,-3.13
679,-3.19
680,-3.17
681,-3.25
682,-3.17
683,-3.25
684,-3.2
685,-3.19
686,-3.21
687,-3.19
688,-3.17
689,-3.21
690,-3.09
691,-3.12
692,-3.17
693,-3.12
694,-3.05
695,-3.12
696,-3.1
697,-3.14
698,-3.19
699,-3.18
700,-3.15
701,-3.16
702,-3.18
703,-3.21
704,-3.17
705,-3.17
706,-3.18
707,-3.21
708,-3.11
709,-3.18
710,-3.23
711,-3.16
712,-3.13
713,-3.08
714,-3.09
715,-3.19
716,-3.24
717,-3.2
718,-3.27
719,-3.16
720,-3.14
721,-3.17
722,-3.18
723,-3.17
724,-3.24
725,-3.24
726,-3.12
727,-3.11
728,-3.16
729,-3.09
730,-3.11
731,-3.16
732,-3.23
733,-3.26
734,-3.17
735,-3.22
736,-3.16
737,-3.19
738,-3.12
739,-3.16
740,-3.15
741,-3.13
742,-3.1
743,-3.27
744,-3.2
745,-3.15
746,-3.17
747,-3.18
748,-3.11
749,-3.09
750,-3.06
751,-3.09
752,-3.13
753,-3.08
754,-3.15
755,-3.2
756,-3.27
757,-3.09
758,-3.07
759,-3.08
760,-3.09
761,-3.12
762,-3.24
763,-3.29
764,-3.26
765,-3.25
766,-3.16
767,-3.23
768,-3.26
769,-3.05
770,-3.16
771,-3.15
772,-3.2
773,-3.21
774,-3.12
775,-3.02
776,-3.13
777,-3.12
778,-3.13
779,-3.17
780,-3.19
781,-3.08
782,-3.14
783,-3.15
784,-3.18
785,-3.13
786,-3.14
787,-3.08
788,-3.11
789,-3.13
790,-3.08
791,-3.1
792,-3.14
793,-3.14
794,-3.05
795,-3.14
796,-3.2
797,-3.15
798,-3.16
799,-3.14
800,-3.2
801,-3.12
802,-3.01
803,-3.06
804,-3.16
805,-3.14
806,-3.16
807,-3.25
808,-3.2
809,-3.27
810,-3.2
811,-3.15
812,-3.11
813,-3.18
814,-3.15
815,-3.14
816,-3.17
817,-3.17
818,-3.27
819,-3.14
820,-3.13
821,-3.14
822,-3.17
823,-3.16
824,-3.08
825,-3.22
826,-3.1
827,-3.13
828,-3.15
829,-3.14
830,-3.11
831,-3.16
832,-3.15
833,-3.21
834,-3.21
835,-3.23
836,-3.27
837,-3.2
838,-3.17
839,-3.18
840,-3.09
841,-3.07
842,-3.1
843,-3.23
844,-3.07
845,-3.12
846,-3.14
847,-3.23
848,-3.17
849,-3.2
850,-3.15
851,-3.2
852,-3.09
853,-3.18
854,-3.19
855,-3.1
856,-3.11
857,-3.11
858,-3.17
859,-3.17
860,-3.1
861,-3.14
862,-3.18
863,-3.12
864,-3.06
865,-3.07
866,-3.09
867,-3.13
868,-3.13
869,-3.14
870,-3.11
871,-3.15
872,-3.14
873,-3.15
874,-3.15
875,-3.1
876,-3.17
877,-3.12
878,-3.15
879,-3.15
880,-3.09
881,-3.09
882,-3.11
883,-3.16
884,-3.08
885,-3.19
886,-3.24
887,-3.19
888,-3.17
889,-3.21
890,-3.15
891,-3.13
892,-3.19
893,-3.11
894,-3.14
895,-3.13
896,-3.19
897,-3.19
898,-3.18
899,-3.16
900,-3.2
901,-3.13
902,-3.06
903,-3.13
904,-3.1
905,-3.11
906,-3.19
907,-3.2
908,-3.14
909,-3.13
910,-3.17
911,-3.14
912,-3.15
913,-3.22
914,-3.06
915,-3.11
916,-3.15
917,-3.12
918,-3.2
919,-3.17
920,-3.08
921,-3.15
922,-3.17
923,-3.13
924,-3.2
925,-3.17
926,-3.22
927,-3.17
928,-3.11
929,-3.15
930,-3.22
931,-3.27
932,-3.18
933,-3.22
934,-3.19
935,-3.12
936,-3.21
937,-3.25
938,-3.26
939,-3.21
940,-3.16
941,-3.29
942,-3.24
943,-3.25
944,-3.24
945,-3.26
946,-3.27
947,-3.27
948,-3.22
949,-3.15
950,-3.15
951,-3.22
952,-3.25
953,-3.17
954,-3.26
955,-3.18
956,-3.23
957,-3.26
958,-3.16
959,-3.15
960,-3.16
961,-3.11
962,-3.12
963,-3.14
964,-3.11
965,-3.18
966,-3.22
967,-3.25
968,-3.27
969,-3.29
970,-3.28
971,-3.2
972,-3.15
973,-3.17
974,-3.19
975,-3.11
976,-3.11
977,-3.17
978,-3.06
979,-3.1
980,-3.15
981,-3.18
982,-3.16
983,-3.09
984,-3.16
985,-3.16
986,-3.15
987,-3.15
988,-3.14
989,-3.18
990,-3.25
991,-3.18
992,-3.16
993,-3.19
994,-3.16
995,-3.21
996,-3.12
997,-3.22
998,-3.15
999,-3.16
1000,-3.1
1001,-3.13
1002,-3.17
1003,-3.19
1004,-3.2
1005,-3.16
1006,-3.18
1007,-3.12
1008,-3.16
1009,-3.1
1010,-3.15
1011,-3.22
1012,-3.15
1013,-3.18
1014,-3.18
1015,-3.24
1016,-3.2
1017,-3.2
1018,-3.17
1019,-3.17
1020,-3.14
1021,-3.19
1022,-3.2
1023,-3.17
1024,-3.13
1025,-3.18
1026,-3.2
1027,-3.16
1028,-3.17
1029,-3.17
1030,-3.26
1031,-3.19
1032,-3.16
1033,-3.21
1034,-3.16
1035,-3.13
1036,-3.17
1037,-3.11
1038,-3.19
1039,-3.19
1040,-3.16
1041,-3.26
1042,-3.19
1043,-3.18
1044,-3.2
1045,-3.2
1046,-3.18
1047,-3.18
1048,-3.23
1049,-3.16
1050,-3.16
1051,-3.14
1052,-3.2
1053,-3.18
1054,-3.11
1055,-3.25
1056,-3.23
1057,-3.29
1058,-3.22
1059,-3.18
1060,-3.14
1061,-3.13
1062,-3.21
1063,-3.18
1064,-3.17
1065,-3.21
1066,-3.17
1067,-3.27
1068,-3.32
1069,-3.21
1070,-3.26
1071,-3.14
1072,-3.12
1073,-3.19
1074,-3.15
1075,-3.18
1076,-3.15
1077,-3.07
1078,-3.19
1079,-3.26
1080,-3.26
1081,-3.22
1082,-3.11
1083,-3.26
1084,-3.21
1085,-3.23
1086,-3.25
1087,-3.23
1088,-3.23
1089,-3.23
1090,-3.27
1091,-3.27
1092,-3.26
1093,-3.2
1094,-3.15
1095,-3.23
1096,-3.2
1097,-3.23
1098,-3.14
1099,-3.28
1100,-3.2
1101,-3.19
1102,-3.28
1103,-3.22
1104,-3.13
1105,-3.26
1106,-3.19
1107,-3.24
1108,-3.25
1109,-3.2
1110,-3.16
1111,-3.18
1112,-3.21
1113,-3.26
1114,-3.25
1115,-3.33
1116,-3.22
1117,-3.24
1118,-3.23
1119,-3.25
1120,-3.23
1121,-3.31
1122,-3.2
1123,-3.19
1124,-3.21
1125,-3.17
1126,-3.17
1127,-3.16
1128,-3.2
1129,-3.16
1130,-3.17
1131,-3.17
1132,-3.25
1133,-3.25
1134,-3.22
1135,-3.22
1136,-3.34
1137,-3.05
1138,-3.18
1139,-3.31
1140,-3.23
1141,-3.29
1142,-3.26
1143,-3.21
1144,-3.26
1145,-3.23
1146,-3.29
1147,-3.23
1148,-3.15
1149,-3.17
1150,-3.17
1151,-3.26
1152,-3.26
1153,-3.23
1154,-3.22
1155,-3.15
1156,-3.14
1157,-3.24
1158,-3.12
1159,-3.14
1160,-3.18
1161,-3.1
1162,-3.2
1163,-3.21
1164,-3.22
1165,-3.21
1166,-3.13
1167,-3.17
1168,-3.12
1169,-3.17
1170,-3.21
1171,-3.15
1172,-3.15
1173,-3.21
1174,-3.14
1175,-3.14
1176,-3.14
1177,-3.11
1178,-3.17
1179,-3.2
1180,-3.15
1181,-3.16
1182,-3.21
1183,-3.2
1184,-3.14
1185,-3.14
1186,-3.2
1187,-3.18
1188,-3.23
1189,-3.17
1190,-3.16
1191,-3.2
1192,-3.28
1193,-3.21
1194,-3.27
1195,-3.22
1196,-3.21
1197,-3.17
1198,-3.19
1199,-3.18
1200,-3.17
1201,-3.18
1202,-3.11
1203,-3.1
1204,-3.15
1205,-3.16
1206,-3.28
1207,-3.29
1208,-3.24
1209,-3.24
1210,-3.21
1211,-3.15
1212,-3.18
1213,-3.22
1214,-3.15
1215,-3.2
1216,-3.13
1217,-3.12
1218,-3.16
1219,-3.27
1220,-3.19
1221,-3.23
1222,-3.2
1223,-3.26
1224,-3.29
1225,-3.21
1226,-3.21
1227,-3.21
1228,-3.24
1229,-3.22
1230,-3.23
1231,-3.18
1232,-3.15
1233,-3.21
1234,-3.14
1235,-3.15
1236,-3.1
1237,-3.27
1238,-3.22
1239,-3.24
1240,-3.24
1241,-3.23
1242,-3.23
1243,-3.29
1244,-3.21
1245,-3.21
1246,-3.29
1247,-3.26
1248,-3.18
1249,-3.18
1250,-3.14
1251,-3.23
1252,-3.16
1253,-3.16
1254,-3.21
1255,-3.23
1256,-3.17
1257,-3.13
1258,-3.18
1259,-3.18
1260,-3.16
1261,-3.14
1262,-3.17
1263,-3.15
1264,-3.14
1265,-3.26
1266,-3.19
1267,-3.14
1268,-3.15
1269,-3.14
1270,-3.13
1271,-3.15
1272,-3.18
1273,-3.22
1274,-3.17
1275,-3.27
1276,-3.24
1277,-3.21
1278,-3.21
1279,-3.26
1280,-3.21
1281,-3.17
1282,-3.16
1283,-3.2
1284,-3.14
1285,-3.14
1286,-3.2
1287,-3.18
1288,-3.18
1289,-3.23
1290,-3.16
1291,-3.25
1292,-3.09
1293,-3.14
1294,-3.13
1295,-3.18
1296,-3.08
1297,-3.19
1298,-3.22
1299,-3.26
1300,-3.33
1301,-3.22
1302,-3.11
1303,-3.14
1304,-3.21
1305,-3.23
1306,-3.26
1307,-3.25
1308,-3.31
1309,-3.22
1310,-3.19
1311,-3.3
1312,-3.23
1313,-3.23
1314,-3.25
1315,-3.29
1316,-3.23
1317,-3.18
1318,-3.23
1319,-3.19
1320,-3.31
1321,-3.26
1322,-3.21
1323,-3.22
1324,-3.21
1325,-3.22
1326,-3.23
1327,-3.26
1328,-3.23
1329,-3.24
1330,-3.12
1331,-3.14
1332,-3.19
1333,-3.18
1334,-3.17
1335,-3.18
1336,-3.22
1337,-3.22
1338,-3.22
1339,-3.23
1340,-3.25
1341,-3.17
1342,-3.17
1343,-3.19
1344,-3.25
1345,-3.29
1346,-3.2
1347,-3.22
1348,-3.26
1349,-3.24
1350,-3.18
1351,-3.22
1352,-3.3
1353,-3.23
1354,-3.19
1355,-3.33
1356,-3.15
1357,-3.18
1358,-3.14
1359,-3.16
1360,-3.18
1361,-3.18
1362,-3.2
1363,-3.19
1364,-3.19
1365,-3.29
1366,-3.2
1367,-3.21
1368,-3.17
1369,-3.18
1370,-3.17
1371,-3.17
1372,-3.19
1373,-3.23
1374,-3.25
1375,-3.17
1376,-3.16
1377,-3.12
1378,-3.18
1379,-3.21
1380,-3.21
1381,-3.2
1382,-3.17
1383,-3.19
1384,-3.2
1385,-3.22
1386,-3.21
1387,-3.19
1388,-3.2
1389,-3.28
1390,-3.25
1391,-3.2
1392,-3.32
1393,-3.21
1394,-1.56
1395,-1.0
1396,0.15
1397,0.18
1398,2.4
1399,4.09
1400,3.4
1401,3.6
1402,4.78
1403,4.91
1404,5.92
1405,6.63
1406,5.07
1407,5.8
1408,6.3
1409,7.21
1410,7.64
1411,5.93
1412,7.94
1413,7.9
1414,7.29
1415,7.56
1416,8.1
1417,8.55
1418,6.91
1419,9.12
1420,8.14
1421,7.64
1422,8.57
1423,8.9
1424,8.04
1425,8.61
1426,9.82
1427,7.44
1428,9.8
1429,8.94
1430,8.55
1431,9.55
1432,9.4
1433,9.14
1434,10.04
1435,10.05
1436,9.08
1437,11.39
1438,9.2
1439,10.67
1440,10.71
1441,10.08
1442,10.73
1443,11.32
1444,10.55
1445,11.08
1446,12.17
1447,10.01
1448,12.73
1449,11.02
1450,11.67
1451,12.33
1452,11.56
1453,12.05
1454,12.68
1455,12.27
1456,12.23
1457,13.9
1458,11.4
1459,13.91
1460,12.88
1461,12.73
1462,13.7
1463,13.32
1464,13.47
1465,14.31
1466,13.98
1467,13.46
1468,15.63
1469,13.26
1470,15.12
1471,14.81
1472,14.08
1473,15.16
1474,15.2
1475,14.59
1476,15.57
1477,15.96
1478,14.52
1479,17.06
1480,14.92
1481,16.2
1482,16.44
1483,15.81
1484,16.28
1485,16.97
1486,16.2
1487,16.68
1488,17.96
1489,15.5
1490,18.37
1491,16.67
1492,16.97
1493,17.84
1494,17.19
1495,17.43
1496,18.27
1497,17.89
1498,17.47
1499,19.55
1500,17.22
1501,19.04
1502,18.8
1503,18.08
1504,19.08
1505,19.42
1506,18.5
1507,19.45
1508,19.97
1509,18.28
1510,20.93
1511,18.95
1512,19.89
1513,20.43
1514,19.71
1515,20.18
1516,20.92
1517,20.4
1518,20.26
1519,22.16
1520,19.78
1521,22.02
1522,21.34
1523,20.72
1524,21.8
1525,21.96
1526,21.14
1527,22.24
1528,22.77
1529,21.0
1530,23.82
1531,21.89
1532,22.66
1533,23.37
1534,22.6
1535,23.0
1536,23.83
1537,23.35
1538,22.99
1539,25.19
1540,22.68
1541,24.59
1542,24.46
1543,23.71
1544,24.61
1545,25.17
1546,24.09
1547,24.95
1548,26.1
1549,23.79
1550,26.63
1551,25.32
1552,24.99
1553,26.2
1554,25.97
1555,25.52
1556,26.6
1557,26.95
1558,25.41
1559,28.03
1560,26.09
1561,26.91
1562,27.55
1563,26.9
1564,27.14
1565,28.15
1566,27.62
1567,27.09
1568,29.32
1569,27.0
1570,28.45
1571,28.73
1572,28.03
1573,28.48
1574,29.32
1575,28.72
1576,28.61
1577,30.72
1578,28.35
1579,30.15
1580,30.1
1581,29.37
1582,30.07
1583,30.81
1584,30.01
1585,30.15
1586,32.05
1587,29.44
1588,31.48
1589,31.32
1590,30.62
1591,31.23
1592,32.05
1593,31.15
1594,31.21
1595,33.13
1596,30.65
1597,32.52
1598,32.47
1599,31.7
1600,32.39
1601,33.29
1602,32.44
1603,32.36
1604,34.34
1605,31.91
1606,33.7
1607,33.72
1608,32.91
1609,33.51
1610,34.37
1611,33.69
1612,33.46
1613,35.72
1614,33.18
1615,34.62
1616,34.98
1617,34.33
1618,34.61
1619,35.6
1620,35.36
1621,34.31
1622,36.91
1623,34.89
1624,35.4
1625,36.26
1626,35.95
1627,35.25
1628,36.51
1629,37.18
1630,34.92
1631,37.86
1632,36.75
1633,36.18
1634,37.24
1635,37.68
1636,36.74
1637,37.19
1638,39.01
1639,36.32
1640,38.29
1641,38.33
1642,37.47
1643,37.94
1644,39.08
1645,38.4
1646,37.57
1647,40.15
1648,38.2
1649,38.38
1650,39.52
1651,39.56
1652,38.6
1653,39.66
1654,40.9
1655,38.28
1656,40.6
1657,40.31
1658,39.6
1659,39.83
1660,40.88
1661,40.89
1662,39.24
1663,41.96
1664,41.05
1665,40.35
1666,41.13
1667,41.95
1668,41.34
1669,40.63
1670,43.16
1671,41.68
1672,41.35
1673,42.31
1674,43.05
1675,42.15
1676,41.86
1677,44.18
1678,42.22
1679,42.38
1680,43.39
1681,43.97
1682,42.84
1683,43.18
1684,45.34
1685,42.78
1686,44.03
1687,44.58
1688,44.79
1689,43.6
1690,44.67
1691,46.28
1692,43.64
1693,45.22
1694,45.55
1695,45.4
1696,44.64
1697,46.01
1698,47.34
1699,44.69
1700,46.75
1701,46.78
1702,46.4
1703,46.15
1704,47.46
1705,48.45
1706,45.66
1707,48.19
1708,47.97
1709,47.34
1710,47.38
1711,48.64
1712,49.16
1713,46.74
1714,49.63
1715,48.95
1716,48.3
1717,48.75
1718,49.93
1719,49.81
1720,47.96
1721,50.97
1722,50.13
1723,49.46
1724,50.02
1725,51.07
1726,50.82
1727,49.21
1728,52.29
1729,51.43
1730,50.73
1731,51.33
1732,52.33
1733,52.05
1734,50.64
1735,53.5
1736,52.54
1737,51.92
1738,52.61
1739,53.55
1740,53.26
1741,51.78
1742,54.73
1743,53.83
1744,53.21
1745,53.81
1746,54.82
1747,54.67
1748,52.94
1749,56.12
1750,55.26
1751,54.57
1752,55.0
1753,56.08
1754,56.36
1755,54.14
1756,57.18
1757,56.64
1758,55.83
1759,56.22
1760,57.45
1761,58.13
1762,55.38
1763,58.24
1764,58.01
1765,57.5
1766,57.0
1767,58.47
1768,59.85
1769,57.04
1770,59.1
1771,59.26
1772,59.51
1773,58.22
1774,59.42
1775,61.16
1776,58.72
1777,59.58
1778,60.49
1779,61.35
1780,60.16
1781,60.21
1782,62.74
1783,61.19
1784,60.72
1785,61.69
1786,62.79
1787,62.41
1788,60.61
1789,63.89
1790,63.14
1791,62.51
1792,62.69
1793,64.04
1794,65.12
1795,62.24
1796,64.62
1797,64.67
1798,65.06
1799,63.56
1800,65.02
1801,66.79
1802,64.33
1803,65.07
1804,66.13
1805,67.01
1806,65.78
1807,65.47
1808,68.35
1809,67.14
1810,66.62
1811,67.11
1812,68.46
1813,68.96
1814,66.41
1815,69.53
1816,69.27
1817,69.26
1818,68.25
1819,69.98
1820,71.66
1821,69.1
1822,69.82
1823,71.06
1824,72.06
1825,70.81
1826,70.3
1827,73.27
1828,72.36
1829,71.65
1830,71.94
1831,73.38
1832,74.44
1833,71.46
1834,73.96
1835,74.06
1836,74.77
1837,73.22
1838,73.97
1839,76.4
1840,74.85
1841,74.24
1842,75.17
1843,76.46
1844,77.16
1845,74.36
1846,76.89
1847,77.04
1848,77.81
1849,76.23
1850,76.55
1851,79.17
1852,78.0
1853,77.35
1854,77.87
1855,79.35
1856,80.23
1857,77.27
1858,79.73
1859,79.98
1860,80.83
1861,79.28
1862,79.74
1863,82.49
1864,81.35
1865,80.55
1866,81.08
1867,82.56
1868,83.7
1869,80.69
1870,82.93
1871,83.41
1872,84.28
1873,82.7
1874,82.75
1875,85.73
1876,84.63
1877,83.85
1878,84.19
1879,85.68
1880,87.0
1881,83.86
1882,85.9
1883,86.59
1884,87.38
1885,85.85
1886,85.51
1887,88.76
1888,87.83
1889,87.08
1890,86.9
1891,88.82
1892,90.17
1893,87.47
1894,88.29
1895,89.61
1896,90.63
1897,90.02
1898,88.0
1899,91.62
1900,91.27
1901,91.47
1902,89.89
1903,91.22
1904,93.48
1905,92.29
1906,91.56
1907,92.11
1908,93.59
1909,95.02
1910,91.82
1911,93.25
1912,94.36
1913,95.39
1914,94.72
1915,92.6
1916,96.21
1917,95.88
1918,96.69
1919,95.0
1920,95.6
1921,98.33
1922,97.56
1923,96.75
1924,96.19
1925,98.26
1926,100.02
1927,97.78
1928,97.66
1929,98.97
1930,100.33
1931,101.45
1932,98.19
1933,100.58
1934,101.44
1935,102.76
1936,101.83
1937,100.0
1938,103.98
1939,103.73
1940,104.85
1941,103.03
1942,103.4
1943,106.63
1944,105.91
1945,105.6
1946,104.36
1947,106.21
1948,108.48
1949,107.46
1950,106.61
1951,106.71
1952,108.78
1953,110.35
1954,108.2
1955,107.96
1956,109.16
1957,110.67
1958,112.07
1959,108.64
1960,109.83
1961,111.18
1962,112.45
1963,113.32
1964,109.61
1965,112.07
1966,112.93
1967,114.07
1968,113.61
1969,110.64
1970,114.11
1971,114.31
1972,115.56
1973,114.1
1974,112.0
1975,115.96
1976,115.65
1977,117.17
1978,115.05
1979,113.66
1980,117.79
1981,117.35
1982,118.67
1983,116.24
1984,115.58
1985,119.51
1986,118.97
1987,120.01
1988,117.71
1989,117.8
1990,121.34
1991,120.78
1992,121.55
1993,119.4
1994,119.93
1995,123.16
1996,122.55
1997,123.11
1998,120.9
1999,121.84
2000,124.88
2001,124.3
2002,124.57
2003,122.53
2004,123.74
2005,126.7
2006,126.06
2007,126.36
2008,124.38
2009,125.52
2010,128.44
2011,127.82
2012,128.33
2013,126.16
2014,127.08
2015,130.22
2016,129.6
2017,130.44
2018,128.05
2019,128.46
2020,132.03
2021,131.4
2022,132.51
2023,129.85
2024,129.48
2025,133.51
2026,133.08
2027,134.64
2028,131.92
2029,130.48
2030,134.94
2031,134.55
2032,136.39
2033,134.69
2034,132.34
2035,136.15
2036,136.48
2037,138.07
2038,138.14
2039,134.41
2040,136.87
2041,138.23
2042,139.6
2043,140.96
2044,137.29
2045,137.97
2046,139.73
2047,141.34
2048,143.01
2049,141.21
2050,140.31
2051,140.6
2052,142.98
2053,144.97
2054,144.6
2055,143.67
2056,141.87
2057,143.91
2058,146.69
2059,146.09
2060,147.33
2061,144.36
2062,143.44
2063,147.69
2064,147.47
2065,149.41
2066,148.53
2067,144.74
2068,147.06
2069,148.76
2070,150.22
2071,151.86
2072,149.3
2073,148.58
2074,148.99
2075,151.27
2076,153.25
2077,152.95
2078,152.42
2079,149.92
2080,150.79
2081,154.28
2082,153.8
2083,155.99
2084,153.91
2085,151.18
2086,154.46
2087,155.38
2088,157.04
2089,158.52
2090,155.13
2091,155.0
2092,156.32
2093,158.3
2094,160.05
2095,159.73
2096,158.78
2097,156.63
2098,158.21
2099,161.46
2100,160.92
2101,163.19
2102,161.26
2103,158.09
2104,160.64
2105,162.21
2106,163.78
2107,165.44
2108,163.61
2109,162.02
2110,161.25
2111,164.2
2112,166.38
2113,166.04
2114,167.82
2115,164.69
2116,162.66
2117,166.4
2118,167.14
2119,168.87
2120,170.59
2121,168.04
2122,166.55
2123,166.06
2124,169.17
2125,171.27
2126,171.04
2127,172.96
2128,169.79
2129,167.65
2130,170.94
2131,172.02
2132,173.75
2133,175.41
2134,173.43
2135,171.78
2136,170.71
2137,173.68
2138,176.22
2139,175.88
2140,178.3
2141,176.29
2142,172.45
2143,174.6
2144,176.74
2145,178.42
2146,180.22
2147,179.8
2148,178.85
2149,176.24
2150,176.56
2151,180.93
2152,180.58
2153,182.74
2154,183.75
2155,179.8
2156,179.31
2157,179.39
2158,182.36
2159,184.35
2160,184.15
2161,186.42
2162,183.47
2163,180.37
2164,182.72
2165,184.8
2166,186.46
2167,188.22
2168,187.99
2169,187.27
2170,183.84
2171,183.58
2172,188.12
2173,188.2
2174,190.16
2175,191.8
2176,189.5
2177,187.76
2178,186.26
2179,188.83
2180,191.98
2181,191.67
2182,194.01
2183,194.81
2184,190.98
2185,189.9
2186,189.63
2187,192.91
2188,195.27
2189,194.96
2190,197.61
2191,196.43
2192,191.92
2193,192.79
2194,194.28
2195,196.69
2196,198.52
2197,198.49
2198,200.66
2199,197.85
2200,193.81
2201,195.71
2202,198.02
2203,200.14
2204,201.68
2205,201.99
2206,203.55
2207,199.87
2208,196.9
2209,199.0
2210,201.4
2211,203.38
2212,205.03
2213,205.23
2214,206.37
2215,202.51
2216,199.78
2217,201.98
2218,204.4
2219,206.43
2220,207.88
2221,208.27
2222,209.69
2223,206.03
2224,202.24
2225,204.14
2226,206.57
2227,208.64
2228,210.29
2229,210.51
2230,212.61
2231,209.54
2232,205.28
2233,206.98
2234,209.25
2235,211.58
2236,213.21
2237,213.12
2238,215.82
2239,213.87
2240,209.14
2241,209.95
2242,210.76
2243,213.93
2244,215.94
2245,215.66
2246,218.58
2247,218.35
2248,214.2
2249,212.82
2250,212.37
2251,215.79
2252,218.49
2253,218.27
2254,220.7
2255,221.96
2256,219.46
2257,217.46
2258,215.41
2259,215.85
2260,220.55
2261,220.5
2262,222.77
2263,224.28
2264,224.08
2265,223.56
2266,219.08
2267,217.77
2268,220.47
2269,222.8
2270,224.73
2271,226.34
2272,226.54
2273,228.65
2274,225.89
2275,221.03
2276,222.28
2277,223.22
2278,226.55
2279,228.65
2280,228.33
2281,231.18
2282,231.86
2283,228.62
2284,226.22
2285,224.58
2286,225.5
2287,236.23
2288,237.68
2289,238.59
2290,235.83
2291,226.11
2292,233.76
2293,240.99
2294,232.92
2295,241.35
2296,235.23
2297,234.25
2298,238.06
2299,233.34
2300,234.03
2301,236.39
2302,234.62
2303,234.8
2304,235.34
2305,234.21
2306,234.47
2307,234.3
2308,233.81
2309,233.97
2310,233.71
2311,233.66
2312,233.58
2313,233.38
2314,233.33
2315,233.27
2316,233.03
2317,232.97
2318,232.85
2319,232.68
2320,232.58
2321,232.41
2322,232.37
2323,232.15
2324,232.01
2325,231.93
2326,231.89
2327,231.77
2328,231.7
2329,231.6
2330,231.45
2331,231.37
2332,231.25
2333,231.21
2334,231.03
2335,231.07
2336,230.88
2337,230.8
2338,230.67
2339,230.64
2340,230.52
2341,230.38
2342,230.31
2343,230.34
2344,230.25
2345,230.09
2346,230.06
2347,229.91
2348,229.81
2349,229.73
2350,229.62
2351,229.66
2352,229.56
2353,229.48
2354,229.36
2355,229.33
2356,229.33
2357,229.09
2358,229.03
2359,229.05
2360,228.97
2361,228.93
2362,228.77
2363,228.64
2364,228.49
2365,228.44
2366,228.74
2367,228.51
2368,228.31
2369,228.32
2370,228.13
2371,228.0
2372,228.04
2373,227.99
2374,227.94
2375,227.81
2376,227.61
2377,227.62
2378,227.55
2379,227.6
2380,227.5
2381,227.33
2382,227.42
2383,227.32
2384,227.29
2385,227.16
2386,227.08
2387,227.03
2388,226.89
2389,226.82
2390,226.74
2391,226.7
2392,226.61
2393,226.57
2394,226.56
2395,226.64
2396,226.54
2397,226.54
2398,226.48
2399,226.44
2400,226.3
2401,226.26
2402,226.19
2403,226.25
2404,226.11
2405,225.95
2406,225.87
2407,225.82
2408,225.84
2409,225.81
2410,225.79
2411,225.71
2412,225.63
2413,225.66
2414,225.54
2415,225.53
2416,225.47
2417,225.39
2418,225.34
2419,225.33
2420,225.25
2421,225.14
2422,225.14
2423,225.1
2424,225.03
2425,224.95
2426,224.92
2427,224.88
2428,224.81
2429,224.66
2430,224.69
2431,224.61
2432,224.6
2433,224.51
2434,224.36
2435,224.46
2436,224.35
2437,224.33
2438,224.19
2439,224.29
2440,224.14
2441,224.07
2442,223.99
2443,224.01
2444,223.99
2445,223.84
2446,223.87
2447,223.69
2448,223.74
2449,223.73
2450,223.68
2451,223.7
2452,223.69
2453,223.64
2454,223.48
2455,223.43
2456,223.41
2457,223.38
2458,223.43
2459,223.33
2460,223.26
2461,223.29
2462,223.17
2463,223.17
2464,223.09
2465,223.12
2466,223.02
2467,223.06
2468,223.05
2469,222.98
2470,222.87
2471,222.86
2472,222.83
2473,222.77
2474,222.67
2475,222.83
2476,222.67
2477,222.59
2478,222.59
2479,222.55
2480,222.61
2481,222.39
2482,222.39
2483,222.37
2484,222.36
2485,222.3
2486,222.43
2487,222.4
2488,222.24
2489,222.31
2490,222.13
2491,222.08
2492,222.11
2493,222.08
2494,221.99
2495,222.02
2496,221.98
2497,221.88
2498,221.85
2499,221.81
2500,221.76
2501,221.76
2502,221.69
2503,221.54
2504,221.57
2505,221.62
2506,221.47
2507,221.45
2508,221.37
2509,221.33
2510,221.25
2511,221.19
2512,221.2
2513,221.12
2514,221.06
2515,221.09
2516,221.11
2517,221.05
2518,221.14
2519,221.12
2520,221.0
2521,220.98
2522,221.0
2523,220.99
2524,220.91
2525,220.82
2526,220.84
2527,220.77
2528,220.71
2529,220.74
2530,220.73
2531,220.81
2532,220.77
2533,220.75
2534,220.74
2535,220.6
2536,220.58
2537,220.49
2538,220.46
2539,220.42
2540,220.39
2541,220.3
2542,220.3
2543,220.34
2544,220.31
2545,220.28
2546,220.13
2547,220.13
2548,220.13
2549,220.11
2550,220.14
2551,220.06
2552,220.02
2553,220.02
2554,219.99
2555,220.0
2556,220.02
2557,219.94
2558,219.93
2559,219.97
2560,219.87
2561,219.79
2562,219.73
2563,219.73
2564,219.63
2565,219.64
2566,219.51
2567,219.51
2568,219.42
2569,219.45
2570,219.23
2571,219.32
2572,219.29
2573,219.2
2574,219.18
2575,219.22
2576,219.19
2577,219.21
2578,219.18
2579,219.23
2580,219.17
2581,219.2
2582,219.26
2583,219.17
2584,219.11
2585,219.14
2586,219.15
2587,219.15
2588,219.11
2589,219.17
2590,219.11
2591,219.01
2592,219.02
2593,218.92
2594,218.88
2595,218.84
2596,218.83
2597,218.7
2598,218.69
2599,218.62
2600,218.46
2601,218.33
2602,218.27
2603,218.16
2604,218.09
2605,217.96
2606,217.95
2607,217.86
2608,217.96
2609,217.84
2610,217.84
2611,217.74
2612,217.83
2613,217.84
2614,217.77
2615,217.79
2616,217.81
2617,217.89
2618,217.84
2619,217.84
2620,217.92
2621,217.86
2622,217.8
2623,217.97
2624,217.96
2625,217.96
2626,217.96
2627,217.9
2628,217.77
2629,217.85
2630,217.85
2631,217.83
2632,217.79
2633,217.79
2634,217.75
2635,217.59
2636,217.56
2637,217.51
2638,217.48
2639,217.44
2640,217.36
2641,217.27
2642,217.2
2643,217.19
2644,217.12
2645,217.04
2646,217.02
2647,217.1
2648,217.01
2649,217.0
2650,216.95
2651,216.94
2652,216.99
2653,216.99
2654,217.01
2655,216.95
2656,217.02
2657,216.96
2658,217.0
2659,217.12
2660,217.08
2661,217.17
2662,217.18
2663,217.23
2664,217.1
2665,217.17
2666,217.19
2667,217.06
2668,217.12
2669,217.09
2670,217.07
2671,217.16
2672,216.95
2673,216.92
2674,216.9
2675,217.02
2676,216.9
2677,216.82
2678,216.77
2679,216.73
2680,216.68
2681,216.5
2682,216.52
2683,216.54
2684,216.28
2685,216.28
2686,216.27
2687,216.21
2688,216.1
2689,216.08
2690,215.94
2691,216.04
2692,215.95
2693,215.92
2694,215.88
2695,215.84
2696,215.74
2697,215.71
2698,215.56
2699,215.66
2700,215.63
2701,215.56
2702,215.47
2703,215.6
2704,215.53
2705,215.48
2706,215.61
2707,215.52
2708,215.5
2709,215.56
2710,215.56
2711,215.49
2712,215.57
2713,215.56
2714,215.54
2715,215.61
2716,215.61
2717,215.62
2718,215.64
2719,215.66
2720,215.6
2721,215.61
2722,215.7
2723,215.68
2724,215.54
2725,215.54
2726,215.57
2727,215.52
2728,215.48
2729,215.33
2730,215.31
2731,215.32
2732,215.34
2733,215.32
2734,215.21
2735,215.21
2736,215.13
2737,215.14
2738,215.1
2739,214.99
2740,215.01
2741,215.07
2742,215.09
2743,214.98
2744,215.02
2745,214.98
2746,215.05
2747,215.07
2748,215.02
2749,214.97
2750,214.99
2751,215.02
2752,215.02
2753,215.0
2754,215.0
2755,215.06
2756,214.96
2757,215.0
2758,214.93
2759,214.91
2760,214.95
2761,214.85
2762,214.87
2763,214.87
2764,214.8
2765,214.71
2766,214.71
2767,214.79
2768,214.76
2769,214.66
2770,214.61
2771,214.53
2772,214.49
2773,214.37
2774,214.34
2775,214.3
2776,214.25
2777,214.27
2778,214.3
2779,214.37
2780,214.35
2781,214.47
2782,214.41
2783,214.5
2784,214.4
2785,214.39
2786,214.42
2787,214.33
2788,214.48
2789,214.43
2790,214.46
2791,214.36
2792,214.41
2793,214.33
2794,214.33
2795,214.28
2796,214.26
2797,214.16
2798,214.11
2799,214.18
2800,214.14
2801,214.08
2802,214.01
2803,213.95
2804,213.93
2805,213.85
2806,213.75
2807,213.77
2808,213.77
2809,213.65
2810,213.65
2811,213.67
2812,213.62
2813,213.54
2814,213.53
2815,213.5
2816,213.48
2817,213.46
2818,213.39
2819,213.53
2820,213.47
2821,213.58
2822,213.6
2823,213.57
2824,213.52
2825,213.54
2826,213.51
2827,213.55
2828,213.5
2829,213.49
2830,213.48
2831,213.48
2832,213.5
2833,213.54
2834,213.37
2835,213.33
2836,213.47
2837,213.46
2838,213.39
2839,213.34
2840,213.32
2841,213.25
2842,213.21
2843,213.13
2844,213.01
2845,212.91
2846,212.84
2847,212.84
2848,212.73
2849,212.68
2850,212.67
2851,212.55
2852,212.5
2853,212.54
2854,212.45
2855,212.48
2856,212.45
2857,212.49
2858,212.47
2859,212.49
2860,212.54
2861,212.44
2862,212.52
2863,212.49
2864,212.44
2865,212.46
2866,212.61
2867,212.41
2868,212.43
2869,212.36
2870,212.31
2871,212.28
2872,212.21
2873,212.28
2874,212.22
2875,212.2
2876,212.18
2877,212.17
2878,212.14
2879,212.05
2880,212.1
2881,211.97
2882,212.0
2883,212.06
2884,211.89
2885,211.89
2886,211.96
2887,211.86
2888,211.88
2889,211.8
2890,211.85
2891,211.86
2892,211.82
2893,211.86
2894,211.8
2895,211.86
2896,211.77
2897,211.78
2898,211.81
2899,211.81
2900,211.79
2901,211.75
2902,211.76
2903,211.73
2904,211.7
2905,211.69
2906,211.64
2907,211.64
2908,211.65
2909,211.57
2910,211.61
2911,211.54
2912,211.63
2913,211.59
2914,211.55
2915,211.6
2916,211.46
2917,211.51
2918,211.54
2919,211.45
2920,211.47
2921,211.39
2922,211.36
2923,211.41
2924,211.49
2925,211.31
2926,211.42
2927,211.5
2928,211.47
2929,211.52
2930,211.51
2931,211.41
2932,211.37
2933,211.34
2934,211.35
2935,211.25
2936,211.22
2937,211.18
2938,211.13
2939,211.12
2940,211.1
2941,210.97
2942,211.0
2943,210.96
2944,210.84
2945,210.98
2946,211.01
2947,210.95
2948,210.99
2949,210.93
2950,210.97
2951,211.0
2952,211.05
2953,210.94
2954,210.98
2955,211.0
2956,210.94
2957,210.9
2958,210.85
2959,210.95
2960,210.84
2961,210.8
2962,210.79
2963,210.71
2964,210.74
2965,210.68
2966,210.62
2967,210.54
2968,210.55
2969,210.51
2970,210.54
2971,210.51
2972,210.36
2973,210.48
2974,210.45
2975,210.49
2976,210.39
2977,210.4
2978,210.31
2979,210.32
2980,210.28
2981,210.32
2982,210.4
2983,210.36
2984,210.31
2985,210.3
2986,210.26
2987,210.32
2988,210.31
2989,210.36
2990,210.32
2991,210.25
2992,210.16
2993,210.21
2994,210.29
2995,210.26
2996,210.13
2997,210.21
2998,210.21
2999,210.15
3000,210.07
3001,210.07
3002,210.04
3003,210.02
3004,210.02
3005,209.95
3006,210.04
3007,209.94
3008,209.87
3009,209.82
3010,209.87
3011,209.84
3012,209.73
3013,209.72
3014,209.68
3015,209.71
3016,209.67
3017,209.76
3018,209.77
3019,209.69
3020,209.75
3021,209.8
3022,209.79
3023,209.79
3024,209.69
3025,209.82
3026,209.77
3027,209.76
3028,209.75
3029,209.69
3030,209.65
3031,209.7
3032,209.65
3033,209.66
3034,209.52
3035,209.5
3036,209.49
3037,209.42
3038,209.4
3039,209.43
3040,209.54
3041,209.53
3042,209.44
3043,209.4
3044,209.46
3045,209.41
3046,209.34
3047,209.4
3048,209.35
3049,209.32
3050,209.45
3051,209.36
3052,209.32
3053,209.2
3054,209.23
3055,209.19
3056,209.15
3057,209.12
3058,209.08
3059,209.15
3060,209.07
3061,209.05
3062,208.98
3063,209.05
3064,208.98
3065,209.02
3066,209.07
3067,209.1
3068,209.05
3069,208.98
3070,209.06
3071,208.99
3072,208.91
3073,208.94
3074,208.93
3075,208.9
3076,208.87
3077,208.74
3078,208.85
3079,208.76
3080,208.76
3081,208.75
3082,208.64
3083,208.74
3084,208.64
3085,208.67
3086,208.72
3087,208.72
3088,208.74
3089,208.69
3090,208.73
3091,208.66
3092,208.55
3093,208.59
3094,208.55
3095,208.58
3096,208.49
3097,208.52
3098,208.48
3099,208.51
3100,208.53
3101,208.4
3102,208.34
3103,208.42
3104,208.37
3105,208.32
3106,208.29
3107,208.48
3108,208.36
3109,208.44
3110,208.36
3111,208.03
3112,208.03
3113,208.09
3114,208.14
3115,208.22
3116,208.13
3117,208.07
3118,208.15
3119,208.06
3120,207.92
3121,207.94
3122,207.86
3123,207.9
3124,207.86
3125,207.93
3126,207.81
3127,207.79
3128,207.79
3129,207.84
3130,207.82
3131,207.79
3132,207.77
3133,207.78
3134,207.84
3135,207.76
3136,207.74
3137,207.8
3138,207.78
3139,207.67
3140,207.62
3141,207.62
3142,207.63
3143,207.66
3144,207.58
3145,207.54
3146,207.55
3147,207.59
3148,207.54
3149,207.51
3150,207.51
3151,207.55
3152,207.58
3153,207.51
3154,207.5
3155,207.48
3156,207.39
3157,207.38
3158,207.4
3159,207.41
3160,207.33
3161,207.27
3162,207.29
3163,207.35
3164,207.24
3165,207.35
3166,207.23
3167,207.25
3168,207.12
3169,207.21
3170,207.19
3171,207.16
3172,207.21
3173,207.09
3174,207.18
3175,207.21
3176,207.12
3177,207.11
3178,207.08
3179,207.12
3180,207.03
3181,207.02
3182,206.9
3183,206.93
3184,206.91
3185,206.86
3186,206.88
3187,206.94
3188,206.95
3189,206.96
3190,206.83
3191,206.71
3192,206.73
3193,206.76
3194,206.79
3195,206.75
3196,206.83
3197,206.83
3198,206.73
3199,206.66
3200,206.7
3201,206.69
3202,206.72
3203,206.71
3204,206.7
3205,206.74
3206,206.63
3207,206.51
3208,206.58
3209,206.51
3210,206.57
3211,206.5
3212,206.51
3213,206.46
3214,206.46
3215,206.49
3216,206.45
3217,206.34
3218,206.4
3219,206.38
3220,206.39
3221,206.39
3222,206.44
3223,206.41
3224,206.29
3225,206.3
3226,206.29
3227,206.2
3228,206.24
3229,206.29
3230,206.25
3231,206.19
3232,206.2
3233,206.2
3234,206.2
3235,206.1
3236,206.11
3237,206.32
3238,206.16
3239,206.24
3240,206.17
3241,206.2
3242,206.25
3243,206.25
3244,206.31
3245,205.51
3246,165.34
3247,179.57
3248,176.58
3249,171.81
3250,169.2
3251,166.16
3252,163.22
3253,160.78
3254,157.56
3255,155.22
3256,152.51
3257,150.38
3258,147.76
3259,145.53
3260,143.55
3261,141.19
3262,139.18
3263,137.28
3264,134.93
3265,133.38
3266,131.14
3267,129.52
3268,127.43
3269,125.71
3270,123.82
3271,122.13
3272,120.22
3273,118.36
3274,116.88
3275,115.07
3276,113.56
3277,111.92
3278,110.36
3279,109.1
3280,107.24
3281,105.86
3282,104.33
3283,102.9
3284,101.43
3285,100.21
3286,98.86
3287,97.43
3288,95.95
3289,94.61
3290,93.54
3291,92.21
3292,90.83
3293,90.09
3294,88.81
3295,87.56
3296,86.26
3297,85.16
3298,84.06
3299,82.96
3300,82.12
3301,81.02
3302,80.08
3303,78.79
3304,77.68
3305,76.95
3306,76.14
3307,74.92
3308,73.99
3309,73.18
3310,72.31
3311,71.24
3312,70.37
3313,69.51
3314,68.86
3315,68.06
3316,67.03
3317,66.43
3318,65.61
3319,64.85
3320,64.1
3321,63.24
3322,62.65
3323,61.72
3324,61.17
3325,60.45
3326,59.71
3327,58.99
3328,58.46
3329,57.77
3330,57.12
3331,56.49
3332,56.0
3333,55.52
3334,55.02
3335,54.69
3336,54.13
3337,53.67
3338,53.37
3339,52.81
3340,52.35
3341,51.86
3342,51.28
3343,50.78
3344,50.41
3345,49.61
3346,49.09
3347,48.64
3348,48.19
3349,47.61
3350,47.39
3351,46.91
3352,46.43
3353,46.2
3354,45.62
3355,45.11
3356,44.7
3357,44.18
3358,43.95
3359,43.33
3360,43.04
3361,42.61
3362,42.31
3363,41.87
3364,41.4
3365,40.99
3366,40.55
3367,40.2
3368,39.84
3369,39.46
3370,39.02
3371,38.73
3372,38.19
3373,38.02
3374,37.54
3375,37.25
3376,36.88
3377,36.57
3378,36.32
3379,35.78
3380,35.53
3381,35.15
3382,35.01
3383,34.46
3384,34.22
3385,33.94
3386,33.63
3387,33.33
3388,33.1
3389,32.69
3390,32.42
3391,31.99
3392,31.68
3393,31.47
3394,31.31
3395,31.04
3396,30.64
3397,30.45
3398,30.26
3399,29.85
3400,29.61
3401,29.54
3402,29.17
3403,28.91
3404,28.58
3405,28.43
3406,28.29
3407,28.0
3408,27.72
3409,27.48
3410,27.25
3411,27.08
3412,26.69
3413,26.67
3414,26.28
3415,26.09
3416,25.84
3417,25.64
3418,25.38
3419,25.27
3420,24.99
3421,24.91
3422,24.72
3423,24.53
3424,24.27
3425,24.03
3426,23.91
3427,23.64
3428,23.43
3429,23.34
3430,23.12
3431,22.83
3432,22.71
3433,22.54
3434,22.43
3435,22.19
3436,22.15
3437,21.97
3438,21.87
3439,21.64
3440,21.39
3441,21.31
3442,21.1
3443,20.91
3444,20.81
3445,20.61
3446,20.45
3447,20.36
3448,20.14
3449,20.08
3450,19.82
3451,19.65
3452,19.5
3453,19.36
3454,19.28
3455,19.16
3456,19.09
3457,18.91
3458,18.75
3459,18.72
3460,18.55
3461,18.4
3462,18.32
3463,18.23
3464,18.06
3465,17.84
3466,17.8
3467,17.75
3468,17.48
3469,17.37
3470,17.34
3471,17.2
3472,17.11
3473,16.9
3474,16.82
3475,16.58
3476,16.63
3477,16.5
3478,16.45
3479,16.19
3480,16.14
3481,15.9
3482,15.81
3483,15.73
3484,15.55
3485,15.4
3486,15.35
3487,15.27
3488,15.2
3489,15.0
